{"stats":{"minecraft:crafted":{"minecraft:oak_sign":6,"minecraft:melon":8,"minecraft:blaze_powder":8,"minecraft:lever":1,"minecraft:diamond_shovel":3,"minecraft:bookshelf":11,"minecraft:cooked_mutton":17,"minecraft:deepslate_brick_stairs":40,"minecraft:quartz_block":57,"minecraft:glass":55,"vanillaplustools:iron_hammer":6,"minecraft:diamond_helmet":3,"minecraft:diamond_leggings":2,"minecraft:netherite_boots":1,"minecraft:glass_bottle":18,"minecraft:emerald":795,"minecraft:cooked_porkchop":10,"minecraft:diamond_axe":2,"minecraft:smithing_table":1,"minecraft:cobbled_deepslate_wall":12,"minecraft:copper_ingot":605,"minecraft:fletching_table":1,"minecraft:lectern":8,"minecraft:cherry_sign":24,"minecraft:iron_pickaxe":54,"minecraft:iron_block":3,"minecraft:gold_ingot":423,"minecraft:netherite_ingot":8,"tombstone:book_of_disenchantment":2,"minecraft:stone_shovel":1,"minecraft:iron_nugget":36,"minecraft:experience_bottle":12,"sophisticatedbackpacks:stack_upgrade_tier_1":3,"minecraft:soul_torch":4,"minecraft:bone_meal":228,"minecraft:cherry_trapdoor":30,"minecraft:cherry_stairs":40,"minecraft:diamond_boots":1,"minecraft:quartz_slab":18,"minecraft:wheat":171,"minecraft:netherite_pickaxe":1,"sophisticatedbackpacks:gold_backpack":1,"minecraft:enchanted_book":14,"minecraft:oak_fence_gate":8,"minecraft:soul_lantern":4,"minecraft:golden_apple":2,"minecraft:oak_planks":872,"minecraft:cherry_slab":24,"minecraft:stone":264,"minecraft:bow":2,"tombstone:grave_key":3,"minecraft:chest":29,"minecraft:netherite_helmet":1,"minecraft:copper_block":30,"minecraft:netherite_upgrade_smithing_template":6,"minecraft:stone_bricks":124,"minecraft:cherry_fence":3,"minecraft:oak_slab":42,"minecraft:crafting_table":4,"minecraft:baked_potato":588,"minecraft:cherry_button":1,"minecraft:brewing_stand":3,"sophisticatedbackpacks:upgrade_base":3,"minecraft:tnt":47,"minecraft:book":13,"minecraft:paper":30,"minecraft:diamond_pickaxe":13,"sophisticatedbackpacks:diamond_backpack":1,"minecraft:stick":2607,"minecraft:iron_ingot":368,"vanillaplustools:diamond_hammer":1,"minecraft:deepslate_bricks":1152,"minecraft:shears":1,"minecraft:cherry_planks":1000,"minecraft:netherite_sword":2,"minecraft:furnace":1,"sophisticatedbackpacks:stack_upgrade_starter_tier":3,"minecraft:netherite_chestplate":1,"minecraft:polished_deepslate":1152,"minecraft:iron_axe":1,"minecraft:iron_hoe":1,"sophisticatedbackpacks:stack_upgrade_tier_2":3,"minecraft:netherite_scrap":35,"minecraft:minecart":1,"minecraft:glistering_melon_slice":2,"sophisticatedbackpacks:iron_backpack":1,"minecraft:diamond_sword":2,"tombstone:ankh_of_pray":1,"minecraft:bucket":1,"minecraft:stone_axe":2,"minecraft:air":0,"minecraft:gold_nugget":18,"minecraft:stonecutter":1,"minecraft:torch":280,"minecraft:diamond_chestplate":2},"minecraft:broken":{"minecraft:diamond_helmet":2,"vanillaplustools:iron_shovel":1,"minecraft:diamond_shovel":5,"minecraft:diamond_pickaxe":4,"minecraft:chainmail_leggings":1,"minecraft:diamond_leggings":2,"minecraft:iron_axe":1,"minecraft:golden_helmet":1,"vanillaplustools:iron_hammer":6,"minecraft:golden_leggings":2,"minecraft:diamond_boots":1,"minecraft:stone_axe":1,"minecraft:diamond_sword":1,"minecraft:diamond_chestplate":1,"minecraft:diamond_axe":1},"minecraft:mined":{"minecraft:white_bed":5,"minecraft:cherry_log":250,"minecraft:obsidian":59,"minecraft:granite":2569,"minecraft:deepslate_bricks":148,"minecraft:hopper":3,"minecraft:crimson_fungus":1,"minecraft:oak_wall_sign":1,"minecraft:nether_wart":35,"minecraft:spawner":3,"minecraft:polished_blackstone_bricks":113,"minecraft:weeping_vines_plant":3,"minecraft:tall_seagrass":17,"minecraft:magma_block":57,"minecraft:cobbled_deepslate":109,"minecraft:fire":114,"minecraft:pumpkin":16,"minecraft:fletching_table":2,"minecraft:deepslate_lapis_ore":31,"minecraft:nether_brick_stairs":1,"minecraft:sculk_shrieker":4,"minecraft:dirt_path":3,"minecraft:quartz_slab":1,"minecraft:deepslate_brick_stairs":3,"minecraft:pink_tulip":2,"minecraft:kelp_plant":4,"minecraft:smoker":1,"minecraft:crimson_nylium":43,"minecraft:soul_fire":7,"minecraft:torch":325,"minecraft:melon":18,"minecraft:sugar_cane":28,"minecraft:bricks":3,"minecraft:repeater":2,"minecraft:wheat":80,"minecraft:warped_fungus":1,"minecraft:grass":231,"minecraft:infested_mossy_stone_bricks":1,"minecraft:oak_fence_gate":2,"minecraft:deepslate":22778,"minecraft:infested_deepslate":1,"minecraft:end_stone":111,"minecraft:nether_bricks":24,"minecraft:allium":2,"minecraft:crimson_roots":14,"minecraft:redstone_wire":9,"minecraft:redstone_ore":24,"minecraft:packed_mud":16,"minecraft:andesite":2400,"minecraft:potatoes":474,"minecraft:vine":1,"minecraft:rail":83,"minecraft:bone_block":85,"minecraft:soul_sand":20,"minecraft:observer":13,"minecraft:cobbled_deepslate_wall":2,"minecraft:emerald_ore":6,"minecraft:dropper":2,"minecraft:warped_roots":3,"minecraft:tall_grass":61,"minecraft:copper_ore":761,"minecraft:deepslate_gold_ore":173,"minecraft:diorite":2015,"minecraft:birch_leaves":9,"minecraft:gravel":1624,"minecraft:dripstone_block":800,"minecraft:cobweb":18,"minecraft:stone_bricks":88,"minecraft:gold_ore":24,"minecraft:sculk_vein":7,"minecraft:cherry_trapdoor":2,"minecraft:grass_block":3628,"minecraft:cracked_polished_blackstone_bricks":53,"minecraft:soul_soil":19,"minecraft:mud_brick_wall":1,"minecraft:mud_bricks":107,"minecraft:gilded_blackstone":1,"minecraft:raw_iron_block":1,"minecraft:glowstone":5,"minecraft:sculk_catalyst":2,"minecraft:iron_ore":354,"minecraft:anvil":1,"minecraft:azure_bluet":5,"minecraft:red_tulip":1,"minecraft:pointed_dripstone":44,"minecraft:iron_bars":3,"minecraft:end_stone_bricks":2,"minecraft:deepslate_redstone_ore":146,"minecraft:gray_terracotta":7,"minecraft:quartz_block":1,"minecraft:cyan_terracotta":4,"minecraft:blackstone":2205,"minecraft:orange_terracotta":2,"minecraft:clay":2189,"minecraft:poppy":55,"minecraft:chest":5,"minecraft:nether_quartz_ore":1345,"minecraft:cobblestone":253,"minecraft:prismarine":21,"minecraft:oak_planks":5,"minecraft:iron_door":7,"minecraft:wall_torch":51,"minecraft:cauldron":3,"minecraft:deepslate_copper_ore":36,"minecraft:seagrass":21,"minecraft:warped_nylium":12,"minecraft:light_gray_glazed_terracotta":12,"minecraft:nether_wart_block":15,"minecraft:birch_log":16,"minecraft:tnt":4,"minecraft:purpur_block":3,"minecraft:smooth_stone_slab":1,"minecraft:oak_log":319,"minecraft:beetroots":1,"minecraft:sand":41,"minecraft:dirt":5477,"minecraft:dispenser":6,"minecraft:netherrack":55436,"minecraft:ancient_debris":63,"minecraft:oak_leaves":165,"minecraft:nether_gold_ore":102,"minecraft:crying_obsidian":1,"minecraft:tuff":1439,"minecraft:deepslate_diamond_ore":81,"minecraft:lever":1,"minecraft:weeping_vines":2,"minecraft:sandstone":1,"minecraft:hay_block":31,"minecraft:deepslate_brick_slab":167,"minecraft:furnace":1,"minecraft:carrots":80,"minecraft:black_glazed_terracotta":2,"minecraft:peony":3,"minecraft:gold_block":4,"minecraft:nether_brick_fence":1,"minecraft:bookshelf":1,"minecraft:deepslate_iron_ore":329,"minecraft:wet_sponge":1,"minecraft:chorus_plant":8,"minecraft:stone":31873,"minecraft:cherry_stairs":10,"minecraft:infested_stone_bricks":2,"minecraft:basalt":2707,"minecraft:crafting_table":10,"minecraft:rose_bush":4,"minecraft:sculk_sensor":56,"minecraft:lectern":1582,"minecraft:deepslate_coal_ore":29,"minecraft:lapis_ore":35,"minecraft:sculk":178,"minecraft:prismarine_bricks":21,"minecraft:redstone_torch":1,"minecraft:yellow_bed":1,"minecraft:coal_ore":1218,"minecraft:cherry_leaves":220,"minecraft:end_rod":3,"minecraft:cracked_stone_bricks":5,"minecraft:mossy_stone_bricks":6},"minecraft:picked_up":{"minecraft:seagrass":4,"minecraft:anvil":1,"minecraft:prismarine_shard":80,"minecraft:lead":10,"minecraft:diamond_sword":6,"minecraft:enchanted_book":10,"minecraft:golden_sword":10,"minecraft:string":166,"minecraft:soul_soil":8,"minecraft:cooked_salmon":4,"minecraft:gold_nugget":281,"minecraft:cobbled_deepslate":31718,"minecraft:black_glazed_terracotta":6,"minecraft:netherite_upgrade_smithing_template":7,"minecraft:enchanted_golden_apple":1,"minecraft:melon_slice":118,"minecraft:golden_helmet":6,"minecraft:golden_axe":1,"minecraft:cherry_log":250,"minecraft:golden_chestplate":2,"minecraft:cauldron":4,"minecraft:stone_sword":8,"minecraft:end_rod":3,"minecraft:netherite_chestplate":1,"minecraft:blaze_rod":23,"minecraft:iron_bars":7,"minecraft:birch_log":16,"minecraft:magma_block":54,"minecraft:feather":4,"minecraft:cooked_beef":65,"minecraft:iron_door":6,"minecraft:cherry_leaves":204,"minecraft:water_bucket":3,"minecraft:smoker":2,"minecraft:flint":224,"minecraft:netherite_leggings":1,"tombstone:familiar_receptacle":2,"minecraft:gray_terracotta":6,"minecraft:rabbit":4,"minecraft:glowstone_dust":16,"minecraft:dropper":10,"sophisticatedbackpacks:iron_backpack":1,"minecraft:ink_sac":1,"minecraft:bundle":15,"minecraft:dispenser":67,"minecraft:snout_armor_trim_smithing_template":1,"minecraft:deepslate":1033,"minecraft:lever":3,"minecraft:deepslate_gold_ore":20,"minecraft:granite":3247,"minecraft:diamond_pickaxe":10,"minecraft:bricks":4,"minecraft:crimson_roots":12,"sophisticatedbackpacks:gold_backpack":1,"minecraft:crafting_table":10,"minecraft:nether_wart":136,"minecraft:clay_ball":9707,"minecraft:leather_leggings":1,"minecraft:purpur_block":1,"minecraft:elytra":1,"minecraft:flint_and_steel":1,"minecraft:iron_shovel":1,"minecraft:cracked_stone_bricks":12,"minecraft:netherite_sword":1,"minecraft:deepslate_diamond_ore":14,"minecraft:beef":33,"minecraft:jungle_sapling":2,"minecraft:iron_nugget":20,"minecraft:poppy":164,"minecraft:minecart":6,"minecraft:chest":35,"minecraft:birch_sapling":7,"minecraft:egg":52,"minecraft:sandstone":1,"minecraft:stone":10,"minecraft:carrot":339,"minecraft:redstone":1827,"minecraft:prismarine_crystals":13,"minecraft:tnt":1,"minecraft:diamond_chestplate":2,"minecraft:beetroot_seeds":1,"minecraft:peony":3,"minecraft:deepslate_bricks":1535,"minecraft:diamond_boots":2,"minecraft:hay_block":31,"tombstone:essence_of_undeath":1,"minecraft:gold_ingot":7,"sophisticatedbackpacks:copper_backpack":15,"minecraft:glow_berries":1,"minecraft:mutton":1,"minecraft:white_wool":6,"minecraft:bone_block":85,"minecraft:rail":87,"minecraft:oak_log":337,"minecraft:ancient_debris":65,"minecraft:golden_boots":5,"minecraft:paper":45,"tombstone:gift":1,"minecraft:white_banner":1,"minecraft:apple":10,"minecraft:stone_bricks":79,"minecraft:kelp":1,"minecraft:oak_fence_gate":3,"tombstone:bag_of_seeds":5,"minecraft:glass_bottle":6,"minecraft:gravel":1871,"minecraft:crying_obsidian":2,"minecraft:dragon_egg":1,"minecraft:diamond_shovel":4,"minecraft:deepslate_redstone_ore":39,"minecraft:gray_wool":1,"minecraft:baked_potato":22,"minecraft:hopper":30,"minecraft:ender_pearl":27,"minecraft:shulker_shell":3,"minecraft:wheat":148,"minecraft:potion":3,"minecraft:nether_brick":8,"minecraft:raw_copper":2696,"minecraft:deepslate_lapis_ore":6,"minecraft:netherite_ingot":3,"minecraft:experience_bottle":12,"minecraft:oak_sign":10,"minecraft:comparator":1,"minecraft:bucket":2,"minecraft:rose_bush":4,"minecraft:redstone_torch":3,"minecraft:ender_eye":1,"minecraft:deepslate_iron_ore":4,"minecraft:furnace":1,"minecraft:stick":173,"minecraft:torch":676,"minecraft:porkchop":154,"minecraft:pointed_dripstone":217,"tombstone:grave_dust":91,"minecraft:diorite":2090,"minecraft:quartz_block":1,"minecraft:rotten_flesh":809,"minecraft:deepslate_brick_stairs":3,"minecraft:obsidian":60,"minecraft:cod":11,"minecraft:cobblestone":42517,"minecraft:leather_chestplate":3,"minecraft:magma_cream":7,"minecraft:repeater":51,"minecraft:cherry_planks":12,"minecraft:andesite":1958,"minecraft:golden_leggings":3,"minecraft:potato":2509,"minecraft:tuff":1569,"minecraft:prismarine_bricks":21,"minecraft:wither_skeleton_skull":3,"minecraft:lapis_lazuli":621,"minecraft:dirt":11842,"minecraft:name_tag":1,"minecraft:leather_boots":3,"minecraft:glass":8,"minecraft:bone":288,"minecraft:bow":11,"minecraft:wheat_seeds":277,"minecraft:cobbled_deepslate_wall":2,"minecraft:deepslate_brick_slab":2047,"minecraft:raw_gold":477,"tombstone:scroll_of_reach":1,"minecraft:fletching_table":2,"minecraft:prismarine":19,"minecraft:oak_planks":61,"minecraft:cooked_porkchop":100,"minecraft:poisonous_potato":12,"minecraft:sand":223,"minecraft:nether_brick_stairs":1,"sophisticatedbackpacks:jukebox_upgrade":1,"minecraft:grass_block":3,"tombstone:familiar_stone":1,"minecraft:diamond":271,"minecraft:netherite_helmet":2,"minecraft:cracked_polished_blackstone_bricks":60,"minecraft:crossbow":2,"minecraft:bone_meal":358,"minecraft:golden_apple":7,"minecraft:emerald":22,"minecraft:oak_sapling":103,"minecraft:netherrack":17852,"minecraft:chorus_fruit":78,"minecraft:allium":2,"minecraft:azure_bluet":3,"minecraft:chicken":2,"minecraft:cooked_rabbit":1,"minecraft:gold_block":3,"minecraft:iron_axe":3,"minecraft:quartz_slab":4,"minecraft:blackstone":1056,"minecraft:oak_boat":5,"minecraft:observer":112,"minecraft:lectern":1584,"minecraft:sugar_cane":76,"minecraft:cherry_trapdoor":2,"minecraft:phantom_membrane":2,"tombstone:ankh_of_pray":1,"minecraft:raw_iron":1846,"minecraft:end_stone":110,"minecraft:cherry_stairs":10,"minecraft:copper_ingot":49,"minecraft:polished_blackstone_bricks":97,"minecraft:music_disc_11":1,"minecraft:weeping_vines":2,"minecraft:arrow":263,"minecraft:nether_bricks":22,"minecraft:pink_tulip":2,"minecraft:saddle":1,"minecraft:brick_stairs":1,"minecraft:wet_sponge":3,"minecraft:basalt":539,"minecraft:glow_ink_sac":37,"minecraft:salmon":1,"minecraft:leather":75,"minecraft:crimson_fungus":1,"minecraft:chainmail_chestplate":1,"minecraft:yellow_bed":1,"minecraft:nether_wart_block":12,"minecraft:gunpowder":504,"minecraft:deepslate_tile_slab":128,"minecraft:cooked_mutton":10,"minecraft:rabbit_hide":3,"minecraft:iron_ingot":120,"minecraft:soul_sand":19,"sophisticatedbackpacks:diamond_backpack":2,"minecraft:book":21,"minecraft:scaffolding":52,"minecraft:warped_fungus":2,"minecraft:pumpkin":18,"minecraft:quartz":1176,"minecraft:raw_iron_block":2,"minecraft:dripstone_block":949,"minecraft:white_bed":4,"minecraft:spider_eye":11,"minecraft:chainmail_leggings":3,"minecraft:iron_helmet":1,"minecraft:cherry_sapling":78,"tombstone:magic_scroll":12,"minecraft:coal":2042},"minecraft:killed":{"minecraft:shulker":9,"minecraft:skeleton":151,"minecraft:guardian":53,"minecraft:chicken":1,"minecraft:magma_cube":98,"minecraft:parrot":1,"minecraft:elder_guardian":1,"minecraft:salmon":2,"minecraft:iron_golem":2,"minecraft:pillager":6,"minecraft:zombie":250,"minecraft:glow_squid":1,"minecraft:cow":25,"minecraft:horse":1,"minecraft:rabbit":1,"minecraft:enderman":61,"minecraft:witch":1,"minecraft:zombified_piglin":145,"minecraft:spider":46,"minecraft:silverfish":5,"minecraft:turtle":1,"minecraft:piglin_brute":9,"minecraft:wolf":9,"minecraft:piglin":143,"minecraft:pig":16,"minecraft:zombie_villager":1,"minecraft:creeper":75,"minecraft:sheep":7,"minecraft:blaze":52,"minecraft:phantom":1,"minecraft:drowned":44,"minecraft:hoglin":84,"minecraft:wither_skeleton":41,"minecraft:villager":1},"minecraft:custom":{"minecraft:interact_with_crafting_table":205,"minecraft:leave_game":57,"minecraft:time_since_death":10089,"minecraft:play_time":4244834,"minecraft:deaths":168,"minecraft:jump":58222,"minecraft:interact_with_furnace":162,"minecraft:traded_with_villager":827,"minecraft:sleep_in_bed":116,"minecraft:damage_dealt":248480,"tombstone:use_disenchantment":2,"tombstone:undead_killed":633,"minecraft:interact_with_smoker":69,"minecraft:inspect_dispenser":61,"minecraft:horse_one_cm":8359741,"minecraft:interact_with_smithing_table":18,"minecraft:inspect_dropper":12,"minecraft:interact_with_anvil":81,"minecraft:inspect_hopper":3,"minecraft:damage_dealt_absorbed":598,"minecraft:sneak_time":192400,"minecraft:interact_with_blast_furnace":113,"minecraft:total_world_time":4244834,"tombstone:raider_killed":11,"minecraft:interact_with_stonecutter":12,"tombstone:pray_on_grave":2,"minecraft:time_since_rest":9888,"minecraft:swim_one_cm":1575672,"minecraft:fly_one_cm":12642097,"minecraft:open_chest":1544,"minecraft:fall_one_cm":1398293,"minecraft:animals_bred":20,"minecraft:damage_resisted":100,"minecraft:sprint_one_cm":8271551,"minecraft:drop":1244,"minecraft:talked_to_villager":2807,"minecraft:interact_with_brewingstand":109,"minecraft:walk_on_water_one_cm":609491,"minecraft:player_kills":16,"minecraft:crouch_one_cm":764710,"tombstone:villager_killed":1,"minecraft:mob_kills":1419,"minecraft:damage_dealt_resisted":2495,"minecraft:climb_one_cm":16817,"minecraft:walk_one_cm":9640446,"tombstone:consume_soul":2,"minecraft:walk_under_water_one_cm":1071941,"minecraft:boat_one_cm":1442440,"minecraft:interact_with_grindstone":7,"minecraft:damage_taken":95008,"minecraft:damage_absorbed":20},"minecraft:used":{"minecraft:peony":1,"minecraft:dispenser":44,"minecraft:elytra":1,"minecraft:poppy":3,"minecraft:chest":63,"minecraft:stone":10,"minecraft:rotten_flesh":40,"minecraft:soul_sand":19,"minecraft:allium":1,"minecraft:deepslate_brick_slab":5245,"minecraft:grass_block":1,"minecraft:quartz_block":43,"minecraft:wet_sponge":1,"minecraft:cherry_leaves":52,"minecraft:cherry_button":1,"minecraft:netherite_boots":3,"minecraft:bow":289,"minecraft:furnace":1,"minecraft:egg":20,"minecraft:potato":547,"minecraft:diorite":25,"minecraft:chorus_fruit":26,"minecraft:blackstone":214,"minecraft:golden_apple":1,"minecraft:glow_berries":1,"minecraft:sand":2,"minecraft:netherite_helmet":4,"minecraft:deepslate_brick_stairs":12,"minecraft:lectern":1591,"minecraft:cherry_sign":20,"minecraft:soul_lantern":4,"minecraft:diamond_sword":2504,"minecraft:smithing_table":1,"minecraft:oak_boat":5,"minecraft:netherrack":4306,"minecraft:torch":928,"minecraft:brewing_stand":3,"minecraft:nether_brick_stairs":1,"minecraft:oak_fence_gate":11,"tombstone:ankh_of_pray":7,"minecraft:iron_axe":409,"minecraft:cherry_slab":22,"minecraft:diamond_chestplate":1,"minecraft:basalt":199,"tombstone:gift":2,"minecraft:cobbled_deepslate":171,"minecraft:cherry_fence":3,"minecraft:observer":52,"minecraft:pointed_dripstone":2,"minecraft:wheat_seeds":80,"minecraft:water_bucket":229,"minecraft:cherry_planks":1,"minecraft:cauldron":4,"minecraft:fletching_table":3,"minecraft:deepslate_bricks":1350,"minecraft:polished_blackstone_bricks":108,"minecraft:rail":12,"minecraft:tnt":12,"minecraft:crafting_table":10,"minecraft:white_bed":4,"minecraft:oak_log":14,"minecraft:diamond_pickaxe":14272,"minecraft:ender_eye":1,"minecraft:diamond_shovel":9029,"tombstone:magic_scroll":2,"minecraft:cobblestone":588,"minecraft:potion":16,"vanillaplustools:iron_hammer":1500,"minecraft:porkchop":6,"minecraft:cooked_porkchop":102,"minecraft:diamond_leggings":1,"minecraft:cherry_sapling":17,"minecraft:oak_sign":17,"minecraft:nether_wart":30,"minecraft:nether_bricks":1,"minecraft:carrot":171,"minecraft:tuff":18,"minecraft:obsidian":31,"vanillaplustools:iron_shovel":280,"minecraft:glass":5,"minecraft:quartz_slab":18,"minecraft:crimson_roots":3,"minecraft:stone_bricks":73,"minecraft:deepslate_diamond_ore":14,"minecraft:repeater":27,"minecraft:magma_block":8,"minecraft:warped_fungus":1,"minecraft:gold_block":1,"minecraft:golden_boots":1,"minecraft:wither_skeleton_skull":3,"minecraft:diamond_boots":1,"minecraft:dropper":7,"minecraft:oak_planks":5,"minecraft:ender_pearl":24,"minecraft:sugar_cane":7,"minecraft:diamond_axe":1658,"vanillaplustools:diamond_hammer":13225,"minecraft:netherite_leggings":1,"minecraft:crossbow":107,"minecraft:dripstone_block":32,"minecraft:end_stone":81,"minecraft:shears":204,"minecraft:redstone_torch":1,"minecraft:lever":3,"minecraft:melon_slice":18,"minecraft:bread":3,"tombstone:grave_key":69,"minecraft:deepslate":6,"minecraft:gravel":116,"minecraft:cooked_rabbit":1,"minecraft:andesite":83,"minecraft:air":1,"minecraft:bone_meal":290,"minecraft:experience_bottle":8,"minecraft:netherite_sword":1564,"minecraft:flint_and_steel":48,"minecraft:stone_shovel":90,"minecraft:redstone":62,"minecraft:dirt":6016,"minecraft:hopper":30,"minecraft:diamond_helmet":1,"minecraft:granite":61,"minecraft:iron_hoe":83,"minecraft:bookshelf":1,"minecraft:cherry_trapdoor":29,"minecraft:soul_soil":6,"minecraft:netherite_pickaxe":162,"minecraft:minecart":6,"minecraft:cooked_beef":90,"minecraft:pumpkin":1,"minecraft:cobbled_deepslate_wall":9,"minecraft:cooked_mutton":20,"minecraft:pink_tulip":2,"minecraft:glass_bottle":28,"minecraft:netherite_chestplate":3,"minecraft:baked_potato":711,"minecraft:stonecutter":1,"minecraft:smoker":2,"minecraft:apple":18,"minecraft:cracked_polished_blackstone_bricks":39,"minecraft:stone_axe":180,"minecraft:cherry_stairs":26,"minecraft:bucket":244,"minecraft:yellow_bed":1,"minecraft:splash_potion":3},"minecraft:dropped":{"sophisticatedbackpacks:iron_backpack":2,"minecraft:porkchop":20,"minecraft:lapis_lazuli":103,"minecraft:cooked_beef":37,"minecraft:glow_ink_sac":31,"minecraft:glass_bottle":4,"minecraft:diamond":136,"minecraft:cooked_porkchop":1,"minecraft:weeping_vines":1,"minecraft:cracked_stone_bricks":5,"minecraft:saddle":1,"minecraft:rail":75,"minecraft:emerald":21,"minecraft:dirt":3464,"minecraft:jungle_sapling":1,"minecraft:gold_nugget":127,"minecraft:bone_meal":232,"minecraft:bone_block":85,"minecraft:phantom_membrane":1,"minecraft:sand":196,"minecraft:white_wool":5,"tombstone:familiar_receptacle":1,"minecraft:bone":36,"minecraft:sugar_cane":17,"minecraft:lever":1,"minecraft:iron_nugget":20,"minecraft:golden_chestplate":2,"minecraft:cobbled_deepslate":9052,"minecraft:netherite_sword":1,"minecraft:wheat":11,"minecraft:obsidian":16,"tombstone:gift":3,"minecraft:deepslate_brick_slab":318,"minecraft:rotten_flesh":371,"minecraft:glowstone_dust":7,"minecraft:azure_bluet":3,"minecraft:black_glazed_terracotta":3,"minecraft:brick_stairs":1,"minecraft:leather_boots":1,"minecraft:crying_obsidian":1,"tombstone:scroll_of_reach":1,"minecraft:egg":9,"minecraft:enchanted_book":3,"minecraft:golden_boots":6,"minecraft:iron_ingot":23,"minecraft:wheat_seeds":30,"minecraft:deepslate_redstone_ore":39,"minecraft:dripstone_block":916,"minecraft:netherite_chestplate":1,"minecraft:netherite_helmet":2,"minecraft:iron_helmet":1,"minecraft:feather":2,"minecraft:cobblestone":8933,"minecraft:granite":1929,"minecraft:deepslate_tile_slab":128,"minecraft:coal":731,"minecraft:golden_apple":3,"minecraft:gray_wool":1,"minecraft:ink_sac":1,"minecraft:rose_bush":4,"minecraft:cooked_salmon":4,"minecraft:potion":9,"minecraft:white_banner":1,"minecraft:chainmail_leggings":1,"minecraft:iron_shovel":1,"minecraft:paper":6,"minecraft:string":178,"minecraft:bricks":4,"tombstone:familiar_stone":1,"minecraft:soul_soil":2,"minecraft:stone_sword":7,"minecraft:experience_bottle":12,"minecraft:chicken":1,"minecraft:clay_ball":3014,"minecraft:name_tag":1,"minecraft:nether_bricks":10,"minecraft:pumpkin_seeds":3,"minecraft:diamond_sword":5,"minecraft:potato":426,"minecraft:hay_block":2,"minecraft:allium":1,"minecraft:peony":1,"minecraft:bundle":15,"minecraft:diamond_pickaxe":8,"minecraft:redstone_torch":2,"minecraft:spider_eye":2,"sophisticatedbackpacks:copper_backpack":11,"minecraft:bow":2,"minecraft:magma_block":12,"minecraft:warped_fungus":1,"minecraft:oak_log":24,"minecraft:baked_potato":25,"minecraft:netherite_upgrade_smithing_template":1,"minecraft:leather":11,"minecraft:music_disc_11":1,"minecraft:flint":105,"minecraft:cracked_polished_blackstone_bricks":22,"tombstone:bag_of_seeds":4,"minecraft:netherite_scrap":2,"minecraft:dispenser":37,"minecraft:crimson_roots":5,"minecraft:seagrass":4,"minecraft:gold_ingot":7,"minecraft:gravel":1215,"minecraft:blackstone":808,"minecraft:pointed_dripstone":215,"minecraft:diamond_shovel":3,"sophisticatedbackpacks:diamond_backpack":2,"minecraft:carrot":60,"minecraft:chainmail_chestplate":1,"minecraft:poppy":39,"minecraft:oak_fence_gate":1,"minecraft:leather_chestplate":3,"minecraft:gunpowder":401,"minecraft:dropper":4,"minecraft:iron_bars":4,"minecraft:basalt":298,"minecraft:arrow":138,"minecraft:scaffolding":26,"minecraft:quartz":198,"minecraft:netherrack":6047,"minecraft:water_bucket":2,"minecraft:golden_helmet":2,"minecraft:poisonous_potato":2,"minecraft:prismarine_shard":42,"minecraft:golden_axe":1,"minecraft:observer":64,"minecraft:copper_ingot":367,"minecraft:grass_block":1,"tombstone:ankh_of_pray":1,"minecraft:stick":33,"minecraft:diorite":1473,"tombstone:magic_scroll":1,"minecraft:torch":55,"minecraft:repeater":24,"minecraft:melon_slice":9,"minecraft:iron_door":6,"tombstone:grave_dust":19,"minecraft:iron_axe":4,"minecraft:raw_iron_block":1,"minecraft:bucket":3,"minecraft:redstone":773,"minecraft:kelp":1,"minecraft:nether_wart":39,"minecraft:raw_copper":1216,"minecraft:tuff":602,"minecraft:raw_iron":766,"minecraft:deepslate_bricks":1539,"minecraft:gray_terracotta":6,"minecraft:diamond_chestplate":1,"minecraft:andesite":361,"minecraft:oak_sapling":2,"minecraft:golden_sword":7,"minecraft:diamond_boots":2,"minecraft:raw_gold":280,"minecraft:magma_cream":2},"minecraft:killed_by":{"minecraft:piglin_brute":11,"minecraft:magma_cube":5,"minecraft:zombie":9,"minecraft:ender_dragon":1,"minecraft:guardian":23,"minecraft:ghast":1,"minecraft:zombified_piglin":13,"minecraft:wither_skeleton":6,"minecraft:creeper":4,"minecraft:drowned":2,"minecraft:piglin":13,"minecraft:blaze":6,"minecraft:witch":1,"minecraft:elder_guardian":1,"minecraft:player":1,"minecraft:enderman":3,"minecraft:hoglin":17,"minecraft:skeleton":12}},"DataVersion":3465}