{"stats":{"minecraft:used":{"minecraft:wheat_seeds":64,"minecraft:iron_axe":11,"minecraft:baked_potato":1,"minecraft:iron_sword":1,"minecraft:melon_seeds":1,"minecraft:torch":1,"minecraft:sand":2,"minecraft:crossbow":7,"tombstone:gift":2,"minecraft:potato":8,"minecraft:pumpkin_seeds":1},"minecraft:killed_by":{"minecraft:player":4},"minecraft:mined":{"minecraft:farmland":1,"minecraft:melon_stem":1,"minecraft:wheat":58,"minecraft:pumpkin_stem":1,"minecraft:pumpkin":7,"minecraft:torch":1,"minecraft:potatoes":79,"minecraft:melon":11,"minecraft:dirt":3,"minecraft:wall_torch":3},"minecraft:custom":{"minecraft:time_since_rest":13174,"minecraft:sprint_one_cm":1253,"minecraft:damage_taken":1233,"minecraft:walk_one_cm":220888,"minecraft:mob_kills":1,"minecraft:drop":380,"minecraft:damage_dealt":178,"minecraft:fly_one_cm":3704,"minecraft:play_time":54735,"minecraft:deaths":4,"minecraft:walk_under_water_one_cm":205,"tombstone:tomb_raiding":1,"minecraft:jump":243,"minecraft:leave_game":1,"minecraft:walk_on_water_one_cm":50,"minecraft:time_since_death":15573,"minecraft:sleep_in_bed":1,"minecraft:total_world_time":54735,"minecraft:interact_with_smoker":1,"minecraft:fall_one_cm":1458},"minecraft:picked_up":{"minecraft:feather":2,"minecraft:wheat":60,"minecraft:chicken":1,"minecraft:pumpkin":9,"minecraft:torch":4,"minecraft:poisonous_potato":1,"minecraft:potato":406,"minecraft:enchanted_book":1,"minecraft:sand":3,"tombstone:grave_key":1,"tombstone:grave_dust":3,"minecraft:gunpowder":1,"minecraft:dirt":5,"minecraft:iron_axe":1,"minecraft:bundle":3,"minecraft:pumpkin_seeds":1,"minecraft:wheat_seeds":213,"minecraft:crossbow":1,"minecraft:baked_potato":51,"minecraft:netherrack":59,"minecraft:oak_sapling":2,"minecraft:melon_slice":46,"minecraft:melon_seeds":1,"minecraft:iron_sword":1,"minecraft:cobblestone":14,"minecraft:egg":1},"minecraft:dropped":{"minecraft:potato":254,"minecraft:baked_potato":32,"tombstone:grave_key":1,"minecraft:melon_slice":27,"minecraft:wheat":60,"minecraft:pumpkin":6},"minecraft:killed":{"minecraft:chicken":1}},"DataVersion":3465}