{"stats":{"minecraft:mined":{"minecraft:dragon_wall_head":2,"minecraft:white_bed":2,"minecraft:obsidian":86,"minecraft:granite":54,"minecraft:stone_brick_wall":3,"minecraft:deepslate_bricks":1224,"minecraft:purpur_slab":2,"minecraft:hopper":1,"minecraft:oak_wall_sign":1,"minecraft:nether_wart":26,"minecraft:spawner":2,"minecraft:polished_blackstone_bricks":52,"minecraft:weeping_vines_plant":3,"minecraft:tall_seagrass":41,"minecraft:magma_block":98,"minecraft:cobbled_deepslate":15,"minecraft:fire":126,"minecraft:pumpkin":373,"minecraft:deepslate_lapis_ore":6,"minecraft:deepslate_brick_stairs":21,"minecraft:cut_sandstone":23,"minecraft:brown_mushroom":16,"minecraft:smoker":1,"minecraft:crimson_nylium":33,"minecraft:soul_fire":1,"minecraft:torch":110,"minecraft:melon":328,"minecraft:glass":5,"minecraft:sugar_cane":46,"minecraft:bricks":3,"minecraft:wheat":654,"minecraft:pumpkin_stem":2,"minecraft:stone_brick_stairs":5,"minecraft:grass":96,"minecraft:oak_fence_gate":3,"minecraft:stonecutter":2,"minecraft:piston":3,"minecraft:deepslate":3674,"minecraft:dark_prismarine":30,"minecraft:sea_lantern":120,"minecraft:shulker_box":1,"minecraft:end_stone":9,"minecraft:jungle_planks":2,"minecraft:crimson_roots":10,"minecraft:redstone_wire":1,"minecraft:kelp":1,"minecraft:redstone_ore":2,"minecraft:packed_mud":2,"minecraft:andesite":139,"minecraft:potatoes":661,"minecraft:vine":5,"minecraft:rail":111,"minecraft:bone_block":16,"minecraft:oak_slab":2,"minecraft:soul_sand":56,"minecraft:observer":1,"minecraft:dandelion":1,"minecraft:emerald_ore":2,"minecraft:dropper":1,"minecraft:purpur_pillar":27,"minecraft:tall_grass":10,"minecraft:copper_ore":5,"minecraft:deepslate_gold_ore":6,"minecraft:diorite":81,"minecraft:coarse_dirt":1,"minecraft:gravel":665,"minecraft:cobweb":10,"minecraft:stone_bricks":22,"minecraft:stone_pressure_plate":3,"minecraft:attached_melon_stem":2,"minecraft:farmland":32,"minecraft:mossy_stone_brick_slab":1,"minecraft:brewing_stand":2,"minecraft:grass_block":2908,"minecraft:cracked_polished_blackstone_bricks":31,"minecraft:soul_soil":19,"minecraft:mud_bricks":25,"minecraft:gilded_blackstone":1,"minecraft:iron_ore":49,"minecraft:iron_bars":5,"minecraft:end_stone_bricks":55,"sophisticatedbackpacks:copper_backpack":2,"minecraft:spruce_slab":1,"minecraft:deepslate_redstone_ore":16,"minecraft:quartz_block":1,"minecraft:cyan_terracotta":1,"minecraft:blackstone":180,"minecraft:melon_stem":3,"minecraft:orange_terracotta":2,"minecraft:purpur_stairs":3,"minecraft:clay":1206,"minecraft:poppy":27,"minecraft:chest":11,"minecraft:nether_quartz_ore":255,"minecraft:cobblestone":119,"minecraft:prismarine":208,"minecraft:iron_door":22,"minecraft:wall_torch":35,"minecraft:seagrass":15,"minecraft:light_gray_glazed_terracotta":5,"minecraft:blue_terracotta":3,"minecraft:powered_rail":16,"minecraft:nether_wart_block":5,"minecraft:tnt":26,"minecraft:purpur_block":30,"minecraft:oak_log":6,"minecraft:sand":11766,"minecraft:dirt":4739,"minecraft:netherrack":10199,"minecraft:ancient_debris":8,"minecraft:oak_leaves":26,"minecraft:nether_gold_ore":22,"minecraft:tuff":114,"minecraft:deepslate_diamond_ore":35,"minecraft:lever":1,"minecraft:brick_stairs":2,"minecraft:sandstone":31,"minecraft:hay_block":33,"minecraft:deepslate_brick_slab":116,"minecraft:furnace":1,"minecraft:carrots":102,"minecraft:black_glazed_terracotta":6,"minecraft:chiseled_sandstone":2,"minecraft:gold_block":28,"minecraft:bookshelf":65,"minecraft:deepslate_iron_ore":2,"minecraft:shroomlight":1,"minecraft:lantern":1,"minecraft:stone":7620,"minecraft:redstone_wall_torch":1,"minecraft:scaffolding":125,"minecraft:magenta_stained_glass":3,"minecraft:basalt":190,"minecraft:crafting_table":6,"minecraft:structure_void":2,"minecraft:lectern":231,"minecraft:quartz_bricks":1,"minecraft:lapis_ore":1,"minecraft:polished_blackstone_brick_stairs":2,"minecraft:prismarine_bricks":350,"minecraft:spruce_stairs":1,"minecraft:redstone_torch":15,"minecraft:bee_nest":1,"minecraft:yellow_bed":1,"minecraft:coal_ore":127,"minecraft:end_rod":8,"minecraft:cracked_stone_bricks":8,"minecraft:mossy_stone_bricks":5},"minecraft:used":{"minecraft:dispenser":2,"sophisticatedbackpacks:copper_backpack":2,"minecraft:chest":28,"minecraft:soul_sand":10,"minecraft:deepslate_brick_slab":2060,"minecraft:lava_bucket":73,"minecraft:quartz_pillar":1,"minecraft:quartz_block":1,"minecraft:bow":46,"minecraft:furnace":8,"minecraft:egg":3,"minecraft:potato":826,"minecraft:diorite":19,"minecraft:blackstone":59,"minecraft:clay":164,"minecraft:sand":8,"minecraft:netherite_helmet":2,"minecraft:chiseled_quartz_block":1,"minecraft:pumpkin_seeds":25,"minecraft:deepslate_brick_stairs":435,"minecraft:lectern":234,"minecraft:diamond_sword":1761,"minecraft:oak_boat":11,"vanillaplustools:diamond_shovel":2561,"minecraft:iron_bars":92,"minecraft:armor_stand":4,"minecraft:netherrack":4538,"minecraft:torch":487,"minecraft:brewing_stand":2,"minecraft:anvil":3,"minecraft:nether_quartz_ore":159,"minecraft:golden_shovel":32,"minecraft:oak_fence_gate":4,"minecraft:sea_lantern":3,"minecraft:iron_axe":1263,"minecraft:melon_seeds":21,"minecraft:basalt":174,"tombstone:gift":10,"minecraft:cobbled_deepslate":80,"minecraft:observer":3,"minecraft:wheat_seeds":723,"minecraft:water_bucket":719,"minecraft:deepslate_bricks":5189,"minecraft:polished_blackstone_bricks":24,"minecraft:gilded_blackstone":26,"minecraft:rail":57,"minecraft:tnt":117,"minecraft:crafting_table":12,"minecraft:oak_slab":2,"minecraft:white_bed":3,"minecraft:ender_eye":10,"minecraft:diamond_pickaxe":5246,"minecraft:diamond_shovel":1774,"minecraft:iron_pickaxe":3101,"minecraft:cobblestone":233,"minecraft:potion":25,"minecraft:cooked_porkchop":71,"minecraft:iron_shovel":1031,"minecraft:oak_sign":6,"minecraft:nether_wart":29,"minecraft:carrot":116,"minecraft:tuff":14,"minecraft:obsidian":73,"vanillaplustools:iron_shovel":106,"minecraft:bricks":1,"minecraft:stone_bricks":2,"minecraft:item_frame":17,"minecraft:golden_sword":23,"minecraft:magma_block":15,"minecraft:scaffolding":559,"minecraft:golden_boots":1,"minecraft:ender_pearl":7,"minecraft:sandstone":24,"minecraft:redstone_block":1,"minecraft:diamond_axe":176,"vanillaplustools:diamond_hammer":2411,"minecraft:stone_brick_wall":67,"minecraft:dripstone_block":3,"minecraft:end_stone":9,"minecraft:redstone_torch":3,"minecraft:lever":1,"minecraft:bread":6,"tombstone:grave_key":259,"minecraft:gravel":249,"tombstone:familiar_stone":3,"minecraft:andesite":7,"minecraft:air":1,"minecraft:tropical_fish_bucket":5,"minecraft:bone_meal":2183,"minecraft:golden_pickaxe":1,"minecraft:experience_bottle":119,"minecraft:oak_fence":1,"minecraft:flint_and_steel":30,"minecraft:redstone":1,"minecraft:oak_door":2,"minecraft:dirt":4514,"minecraft:hopper":9,"minecraft:prismarine_bricks":5,"minecraft:shulker_box":2,"minecraft:granite":39,"minecraft:iron_hoe":183,"minecraft:minecart":10,"minecraft:cooked_beef":101,"minecraft:pumpkin":4,"minecraft:quartz_bricks":2,"minecraft:glass_bottle":49,"minecraft:baked_potato":270,"minecraft:cut_sandstone":17,"minecraft:stonecutter":8,"tombstone:bag_of_seeds":6,"minecraft:gray_terracotta":2,"minecraft:piston":3,"minecraft:cracked_polished_blackstone_bricks":21,"minecraft:stone_axe":129,"minecraft:bucket":843,"minecraft:yellow_bed":1},"minecraft:custom":{"minecraft:interact_with_crafting_table":254,"minecraft:leave_game":40,"minecraft:time_since_death":488005,"minecraft:play_time":4257956,"minecraft:deaths":293,"tombstone:tomb_raiding":3,"minecraft:jump":47407,"minecraft:interact_with_furnace":336,"minecraft:traded_with_villager":1427,"minecraft:sleep_in_bed":130,"minecraft:damage_dealt":78274,"tombstone:undead_killed":85,"minecraft:interact_with_smoker":10,"minecraft:inspect_dispenser":145,"minecraft:horse_one_cm":1976262,"minecraft:interact_with_smithing_table":14,"minecraft:inspect_dropper":4,"minecraft:interact_with_anvil":72,"minecraft:inspect_hopper":3,"minecraft:damage_dealt_absorbed":12,"minecraft:sneak_time":217743,"minecraft:interact_with_blast_furnace":55,"minecraft:total_world_time":4257956,"tombstone:raider_killed":11,"minecraft:interact_with_stonecutter":18,"minecraft:time_since_rest":3477,"minecraft:swim_one_cm":1200748,"minecraft:fly_one_cm":9833810,"minecraft:open_chest":2607,"minecraft:fall_one_cm":791728,"minecraft:animals_bred":18,"minecraft:open_shulker_box":5,"minecraft:sprint_one_cm":5708267,"minecraft:drop":695,"minecraft:talked_to_villager":797,"minecraft:interact_with_brewingstand":63,"minecraft:walk_on_water_one_cm":621841,"minecraft:player_kills":7,"minecraft:crouch_one_cm":580297,"tombstone:villager_killed":2,"minecraft:mob_kills":463,"minecraft:damage_dealt_resisted":338,"minecraft:climb_one_cm":218758,"minecraft:walk_one_cm":7276860,"minecraft:walk_under_water_one_cm":1314985,"minecraft:boat_one_cm":988126,"minecraft:damage_taken":103536,"minecraft:damage_absorbed":40},"minecraft:broken":{"minecraft:golden_boots":5,"minecraft:golden_sword":1,"minecraft:diamond_pickaxe":1,"vanillaplustools:diamond_shovel":1,"minecraft:diamond_leggings":1,"minecraft:iron_axe":5,"minecraft:iron_pickaxe":12,"minecraft:golden_helmet":1,"minecraft:iron_shovel":4,"minecraft:golden_shovel":1,"minecraft:golden_leggings":2,"minecraft:stone_axe":1,"minecraft:golden_chestplate":3,"minecraft:diamond_axe":1,"minecraft:leather_boots":1},"minecraft:dropped":{"minecraft:iron_sword":1,"minecraft:piston":64,"minecraft:lapis_lazuli":26,"minecraft:cooked_beef":24,"minecraft:glass_bottle":2,"minecraft:diamond":3,"minecraft:crafting_table":1,"minecraft:crossbow":2,"minecraft:weeping_vines":2,"minecraft:warped_roots":4,"minecraft:cracked_stone_bricks":2,"minecraft:emerald":54,"minecraft:dirt":527,"minecraft:gold_nugget":3,"minecraft:bone_meal":358,"minecraft:sand":10,"minecraft:iron_pickaxe":6,"tombstone:familiar_receptacle":1,"minecraft:bone":115,"minecraft:ancient_debris":1,"minecraft:lever":1,"minecraft:cobbled_deepslate":259,"minecraft:nether_brick":8,"minecraft:wheat":57,"minecraft:obsidian":25,"minecraft:deepslate_brick_slab":2070,"minecraft:rotten_flesh":458,"minecraft:oak_planks":102,"minecraft:enchanted_golden_apple":1,"minecraft:salmon":2,"minecraft:hopper":27,"minecraft:glass":8,"tombstone:christmas_hat":1,"minecraft:lectern":1,"minecraft:egg":14,"minecraft:enchanted_book":11,"minecraft:iron_ingot":32,"minecraft:wheat_seeds":1964,"minecraft:dripstone_block":46,"minecraft:netherite_helmet":2,"minecraft:netherite_chestplate":1,"minecraft:cobblestone":85,"minecraft:book":18,"minecraft:granite":29,"minecraft:coal":2,"minecraft:golden_apple":4,"minecraft:gray_wool":1,"minecraft:ink_sac":3,"minecraft:rabbit":1,"minecraft:cherry_planks":6,"minecraft:diamond_helmet":1,"minecraft:paper":40,"minecraft:string":154,"minecraft:netherite_ingot":2,"minecraft:experience_bottle":12,"minecraft:nether_bricks":29,"minecraft:oak_sign":10,"minecraft:pumpkin_seeds":32,"minecraft:diamond_sword":4,"minecraft:hay_block":13,"minecraft:potato":1554,"minecraft:shroomlight":1,"minecraft:stone":11,"minecraft:bundle":6,"minecraft:diamond_pickaxe":5,"sophisticatedbackpacks:magnet_upgrade":1,"minecraft:redstone_torch":1,"minecraft:stone_pressure_plate":3,"minecraft:spider_eye":1,"minecraft:stone_bricks":1,"minecraft:sandstone":42,"sophisticatedbackpacks:copper_backpack":9,"minecraft:bow":4,"minecraft:magma_block":9,"minecraft:diamond_axe":1,"minecraft:warped_fungus":2,"minecraft:baked_potato":87,"minecraft:netherite_upgrade_smithing_template":1,"minecraft:iron_horse_armor":1,"minecraft:flint":54,"minecraft:cracked_polished_blackstone_bricks":1,"tombstone:bag_of_seeds":5,"minecraft:dispenser":42,"minecraft:crimson_roots":12,"minecraft:seagrass":6,"minecraft:cut_sandstone":124,"minecraft:gilded_blackstone":1,"minecraft:cauldron":1,"minecraft:gravel":381,"minecraft:blackstone":384,"minecraft:pointed_dripstone":14,"minecraft:diamond_shovel":1,"minecraft:mossy_stone_brick_slab":1,"minecraft:carrot":80,"sophisticatedbackpacks:diamond_backpack":1,"minecraft:poppy":551,"minecraft:rabbit_hide":1,"minecraft:gunpowder":334,"minecraft:dropper":8,"minecraft:beetroot_seeds":10,"minecraft:melon_seeds":30,"minecraft:stone_brick_wall":3,"minecraft:chest":34,"minecraft:basalt":447,"minecraft:iron_bars":4,"minecraft:arrow":105,"minecraft:scaffolding":26,"minecraft:quartz":12,"minecraft:netherrack":7763,"minecraft:water_bucket":4,"minecraft:golden_helmet":1,"minecraft:lilac":14,"minecraft:minecart":1,"minecraft:poisonous_potato":31,"minecraft:diamond_leggings":2,"minecraft:observer":99,"minecraft:grass_block":1,"minecraft:stick":42,"minecraft:diorite":2,"minecraft:torch":82,"minecraft:repeater":25,"minecraft:nether_wart_block":23,"minecraft:melon_slice":1,"tombstone:grave_dust":9,"minecraft:iron_axe":2,"sophisticatedbackpacks:jukebox_upgrade":2,"minecraft:dandelion":1,"minecraft:chiseled_sandstone":10,"minecraft:redstone":67,"minecraft:blue_terracotta":1,"minecraft:kelp":22,"minecraft:blaze_rod":3,"minecraft:tuff":191,"minecraft:raw_iron":16,"minecraft:light_gray_wool":1,"minecraft:smoker":1,"minecraft:comparator":1,"minecraft:ender_eye":1,"minecraft:netherite_leggings":1,"minecraft:flint_and_steel":1,"minecraft:deepslate_bricks":80,"minecraft:orange_terracotta":2,"minecraft:dragon_egg":1,"minecraft:andesite":2,"minecraft:mossy_stone_bricks":1,"minecraft:oak_sapling":4,"minecraft:wooden_pickaxe":1,"minecraft:raw_gold":6},"minecraft:killed_by":{"minecraft:piglin_brute":46,"minecraft:pillager":1,"minecraft:magma_cube":12,"minecraft:zombie":16,"minecraft:stray":1,"minecraft:guardian":37,"minecraft:ghast":1,"minecraft:creeper":9,"minecraft:drowned":4,"minecraft:piglin":39,"minecraft:elder_guardian":4,"minecraft:player":15,"minecraft:spider":6,"minecraft:enderman":2,"minecraft:iron_golem":1,"minecraft:hoglin":19,"minecraft:skeleton":26},"minecraft:crafted":{"minecraft:smooth_stone":15,"minecraft:oak_sign":21,"minecraft:melon":189,"minecraft:blaze_powder":10,"minecraft:lever":2,"minecraft:diamond_shovel":19,"minecraft:bookshelf":4,"minecraft:shulker_box":1,"minecraft:iron_bars":128,"minecraft:deepslate_brick_stairs":416,"minecraft:quartz_block":389,"minecraft:glass":17,"minecraft:repeater":12,"minecraft:diamond_leggings":1,"minecraft:netherite_boots":1,"minecraft:melon_seeds":18,"vanillaplustools:diamond_shovel":2,"minecraft:chiseled_quartz_block":1,"minecraft:glass_bottle":21,"minecraft:emerald":1257,"minecraft:cooked_porkchop":77,"minecraft:copper_ingot":78,"minecraft:hay_block":89,"minecraft:lectern":4,"minecraft:iron_pickaxe":14,"minecraft:iron_block":9,"minecraft:gold_ingot":518,"minecraft:netherite_ingot":11,"minecraft:smooth_stone_slab":6,"minecraft:experience_bottle":115,"sophisticatedbackpacks:stack_upgrade_tier_1":2,"minecraft:bone_meal":1860,"minecraft:ender_pearl":11,"minecraft:redstone_block":65,"minecraft:wheat":1215,"minecraft:deepslate_brick_slab":1336,"sophisticatedbackpacks:gold_backpack":1,"minecraft:enchanted_book":42,"minecraft:oak_fence_gate":2,"minecraft:iron_shovel":13,"minecraft:armor_stand":3,"minecraft:oak_planks":1060,"minecraft:quartz_bricks":1,"minecraft:purple_glazed_terracotta":2,"minecraft:stone":306,"minecraft:quartz_pillar":1,"minecraft:hopper":39,"minecraft:bow":41,"tombstone:grave_key":3,"minecraft:comparator":1,"minecraft:chest":84,"minecraft:netherite_helmet":1,"minecraft:copper_block":12,"minecraft:netherite_upgrade_smithing_template":22,"minecraft:ender_eye":12,"minecraft:oak_fence":3,"minecraft:golden_boots":2,"minecraft:sea_lantern":4,"minecraft:dropper":4,"minecraft:oak_slab":18,"minecraft:item_frame":20,"minecraft:cauldron":1,"minecraft:crafting_table":4,"minecraft:baked_potato":614,"minecraft:gold_block":59,"minecraft:birch_planks":564,"minecraft:pumpkin_seeds":24,"sophisticatedbackpacks:upgrade_base":2,"minecraft:dispenser":43,"minecraft:tnt":88,"minecraft:book":54,"minecraft:paper":120,"minecraft:diamond_pickaxe":11,"minecraft:stick":2076,"minecraft:iron_ingot":337,"minecraft:redstone_torch":29,"vanillaplustools:diamond_hammer":1,"minecraft:deepslate_bricks":276,"minecraft:stone_brick_wall":108,"vanillaplustools:iron_shovel":1,"minecraft:furnace":7,"minecraft:piston":65,"minecraft:flint_and_steel":1,"minecraft:netherite_leggings":1,"minecraft:polished_deepslate":276,"minecraft:iron_axe":7,"sophisticatedbackpacks:stack_upgrade_tier_2":2,"minecraft:netherite_scrap":39,"minecraft:minecart":1,"sophisticatedbackpacks:iron_backpack":1,"minecraft:cooked_beef":160,"minecraft:diamond_sword":2,"minecraft:bucket":42,"minecraft:air":0,"minecraft:oak_boat":4,"minecraft:stonecutter":8,"minecraft:anvil":3,"minecraft:acacia_planks":408,"minecraft:torch":452,"minecraft:clay":164,"minecraft:lapis_block":18},"minecraft:picked_up":{"minecraft:seagrass":6,"minecraft:prismarine_shard":30,"minecraft:lead":2,"minecraft:diamond_sword":2,"minecraft:enchanted_book":6,"minecraft:brewing_stand":2,"minecraft:golden_sword":4,"minecraft:string":233,"minecraft:soul_soil":38,"minecraft:shroomlight":1,"minecraft:gold_nugget":210,"minecraft:cobbled_deepslate":2467,"minecraft:black_glazed_terracotta":5,"minecraft:netherite_upgrade_smithing_template":11,"minecraft:melon_slice":1655,"minecraft:golden_helmet":2,"minecraft:purpur_pillar":19,"minecraft:golden_chestplate":2,"minecraft:cyan_terracotta":2,"minecraft:bookshelf":64,"minecraft:end_rod":8,"minecraft:netherite_chestplate":1,"minecraft:iron_bars":9,"minecraft:magma_block":24,"minecraft:dune_armor_trim_smithing_template":6,"minecraft:cooked_beef":25,"minecraft:iron_door":17,"minecraft:water_bucket":5,"minecraft:smoker":1,"minecraft:flint":99,"minecraft:lantern":1,"minecraft:gray_terracotta":7,"minecraft:stonecutter":2,"minecraft:rabbit":1,"minecraft:diamond_helmet":2,"minecraft:glowstone_dust":1,"minecraft:dropper":5,"sophisticatedbackpacks:iron_backpack":1,"minecraft:ink_sac":3,"minecraft:quartz_bricks":1,"minecraft:bundle":2,"minecraft:iron_hoe":5,"minecraft:dispenser":16,"minecraft:blue_terracotta":1,"minecraft:lever":1,"minecraft:granite":41,"minecraft:bricks":6,"minecraft:crimson_roots":10,"minecraft:diamond_pickaxe":6,"minecraft:crafting_table":11,"minecraft:coarse_dirt":1,"minecraft:bee_nest":1,"minecraft:nether_wart":103,"minecraft:clay_ball":5931,"minecraft:dragon_head":3,"minecraft:purpur_block":19,"minecraft:elytra":1,"minecraft:netherite_scrap":2,"minecraft:iron_shovel":2,"minecraft:beef":191,"minecraft:jungle_sapling":1,"minecraft:poppy":363,"minecraft:minecart":11,"minecraft:chest":12,"minecraft:piston":67,"minecraft:egg":16,"minecraft:sandstone":50,"minecraft:stone":15,"minecraft:carrot":430,"minecraft:redstone":42,"minecraft:prismarine_crystals":21,"minecraft:tnt":47,"minecraft:deepslate_bricks":1286,"minecraft:hay_block":35,"minecraft:purpur_slab":2,"minecraft:gold_ingot":7,"sophisticatedbackpacks:copper_backpack":24,"minecraft:mutton":2,"minecraft:emerald_ore":1,"minecraft:white_wool":5,"minecraft:bone_block":101,"minecraft:rail":177,"minecraft:mud_bricks":58,"minecraft:filled_map":1,"minecraft:packed_mud":7,"minecraft:purpur_stairs":2,"minecraft:oak_log":62,"minecraft:ancient_debris":7,"minecraft:golden_boots":4,"minecraft:paper":1,"minecraft:white_banner":1,"tombstone:gift":1,"minecraft:stone_bricks":17,"minecraft:kelp":22,"minecraft:light_gray_glazed_terracotta":5,"minecraft:oak_fence_gate":2,"tombstone:bag_of_seeds":4,"minecraft:iron_sword":1,"minecraft:gravel":651,"minecraft:dragon_egg":1,"minecraft:sea_lantern":117,"minecraft:diamond_shovel":3,"minecraft:slime_ball":3,"minecraft:gray_wool":1,"minecraft:warped_roots":4,"minecraft:baked_potato":136,"minecraft:melon_seeds":11,"minecraft:hopper":1,"minecraft:ender_pearl":9,"minecraft:shulker_shell":2,"minecraft:wheat":813,"minecraft:potion":10,"minecraft:stone_brick_stairs":5,"minecraft:raw_copper":149,"minecraft:smooth_stone_slab":2,"minecraft:armor_stand":1,"minecraft:experience_bottle":12,"minecraft:oak_sign":3,"minecraft:bucket":2,"minecraft:redstone_torch":17,"minecraft:iron_pickaxe":11,"minecraft:furnace":1,"minecraft:stick":252,"minecraft:oak_fence":2,"minecraft:torch":266,"minecraft:porkchop":51,"minecraft:diorite":78,"tombstone:grave_dust":19,"minecraft:quartz_block":1,"minecraft:nether_gold_ore":1,"minecraft:cactus":3,"minecraft:rotten_flesh":307,"minecraft:deepslate_brick_stairs":21,"minecraft:obsidian":103,"minecraft:cod":13,"minecraft:cobblestone":7312,"minecraft:leather_chestplate":1,"minecraft:magma_cream":2,"minecraft:cherry_planks":6,"minecraft:andesite":57,"minecraft:golden_leggings":1,"minecraft:potato":2963,"minecraft:tuff":174,"minecraft:prismarine_bricks":282,"minecraft:lapis_lazuli":26,"minecraft:dirt":8647,"minecraft:bone":69,"minecraft:bow":1,"minecraft:wheat_seeds":2292,"minecraft:deepslate_brick_slab":684,"minecraft:raw_gold":12,"tombstone:christmas_hat":1,"minecraft:mossy_stone_bricks":2,"minecraft:powered_rail":16,"minecraft:prismarine":165,"minecraft:oak_planks":60,"minecraft:cooked_porkchop":13,"minecraft:poisonous_potato":34,"minecraft:sand":11671,"minecraft:jungle_planks":1,"minecraft:melon":2,"sophisticatedbackpacks:jukebox_upgrade":1,"minecraft:grass_block":1,"minecraft:shulker_box":1,"minecraft:chiseled_sandstone":2,"minecraft:dark_prismarine":23,"tombstone:scroll_of_mercy":1,"minecraft:diamond":98,"minecraft:netherite_helmet":2,"minecraft:cracked_polished_blackstone_bricks":22,"minecraft:crossbow":1,"minecraft:golden_apple":1,"minecraft:bone_meal":232,"minecraft:emerald":20,"minecraft:oak_sapling":3,"minecraft:netherrack":11968,"minecraft:chorus_fruit":4,"minecraft:end_stone_bricks":54,"minecraft:brown_mushroom":24,"minecraft:stone_brick_wall":6,"minecraft:gold_block":47,"minecraft:diamond_horse_armor":1,"minecraft:oak_trapdoor":1,"minecraft:iron_axe":7,"minecraft:item_frame":2,"minecraft:blackstone":404,"minecraft:oak_boat":10,"minecraft:observer":66,"minecraft:light_gray_wool":1,"minecraft:lectern":229,"minecraft:sugar_cane":194,"minecraft:raw_iron":53,"minecraft:end_stone":9,"minecraft:copper_ingot":1,"minecraft:polished_blackstone_bricks":30,"minecraft:stone_pressure_plate":3,"minecraft:weeping_vines":1,"minecraft:arrow":138,"minecraft:saddle":1,"minecraft:brick_stairs":2,"minecraft:wet_sponge":1,"minecraft:basalt":627,"minecraft:glow_ink_sac":5,"minecraft:salmon":3,"minecraft:cut_sandstone":95,"minecraft:leather":145,"minecraft:nether_wart_block":5,"minecraft:gunpowder":307,"minecraft:orange_terracotta":2,"minecraft:rabbit_hide":1,"minecraft:iron_ingot":107,"minecraft:soul_sand":45,"sophisticatedbackpacks:diamond_backpack":1,"minecraft:book":3,"minecraft:scaffolding":559,"minecraft:oak_slab":4,"minecraft:warped_fungus":2,"minecraft:nether_quartz_ore":160,"minecraft:pumpkin":381,"minecraft:quartz":339,"minecraft:dandelion":2,"minecraft:dripstone_block":5,"minecraft:white_bed":3,"minecraft:mossy_stone_brick_slab":1,"minecraft:spider_eye":7,"minecraft:pumpkin_seeds":21,"minecraft:chainmail_leggings":1,"minecraft:coal":379},"minecraft:killed":{"minecraft:shulker":3,"minecraft:skeleton":15,"minecraft:guardian":42,"minecraft:chicken":1,"minecraft:magma_cube":99,"minecraft:elder_guardian":2,"minecraft:iron_golem":1,"minecraft:ender_dragon":1,"minecraft:pillager":9,"minecraft:donkey":11,"minecraft:zombie":58,"minecraft:cow":96,"minecraft:horse":1,"minecraft:husk":1,"minecraft:rabbit":1,"minecraft:wandering_trader":1,"minecraft:frog":1,"minecraft:enderman":14,"minecraft:spider":13,"minecraft:turtle":1,"minecraft:piglin_brute":5,"minecraft:piglin":27,"minecraft:pig":6,"minecraft:zombie_villager":5,"minecraft:creeper":7,"minecraft:sheep":1,"minecraft:trader_llama":2,"minecraft:stray":1,"minecraft:slime":4,"minecraft:drowned":5,"minecraft:hoglin":11,"minecraft:villager":1}},"DataVersion":3465}