{"stats":{"minecraft:crafted":{"minecraft:diamond_boots":1,"minecraft:cooked_beef":21,"minecraft:cooked_porkchop":29,"minecraft:baked_potato":63,"minecraft:diamond_pickaxe":1,"minecraft:iron_ingot":55,"minecraft:iron_shovel":2,"minecraft:diamond_chestplate":2},"minecraft:broken":{"minecraft:golden_helmet":1,"minecraft:iron_shovel":1,"minecraft:shield":1,"minecraft:diamond_shovel":1,"minecraft:leather_boots":1},"minecraft:picked_up":{"minecraft:crafting_table":1,"minecraft:wheat":87,"minecraft:chicken":1,"minecraft:nether_wart":58,"minecraft:clay_ball":16,"minecraft:lead":1,"minecraft:deepslate_lapis_ore":6,"minecraft:iron_shovel":1,"minecraft:cobbled_deepslate":53,"minecraft:deepslate_diamond_ore":14,"minecraft:oak_boat":3,"minecraft:poppy":11,"minecraft:iron_pickaxe":2,"minecraft:sugar_cane":55,"minecraft:melon_slice":72,"minecraft:deepslate_iron_ore":4,"minecraft:mule_spawn_egg":1,"minecraft:egg":1,"minecraft:stick":53,"minecraft:sandstone":64,"minecraft:torch":24,"minecraft:porkchop":2,"minecraft:carrot":157,"minecraft:redstone":306,"minecraft:tnt":18,"minecraft:arrow":6,"minecraft:deepslate_bricks":31,"minecraft:hay_block":1,"sophisticatedbackpacks:copper_backpack":5,"minecraft:cobblestone":34,"minecraft:magma_block":2,"minecraft:dune_armor_trim_smithing_template":4,"minecraft:water_bucket":1,"minecraft:salmon":2,"minecraft:cut_sandstone":12,"minecraft:potato":201,"minecraft:tuff":119,"minecraft:golden_boots":1,"minecraft:gunpowder":23,"minecraft:dirt":1229,"minecraft:bone":4,"minecraft:wheat_seeds":310,"tombstone:christmas_hat":2,"tombstone:bag_of_seeds":1,"minecraft:pumpkin":36,"minecraft:poisonous_potato":2,"minecraft:gravel":18,"tombstone:scroll_of_mercy":1,"minecraft:iron_hoe":2,"minecraft:pumpkin_seeds":52,"minecraft:diamond":3,"minecraft:deepslate":1075,"minecraft:deepslate_gold_ore":19,"minecraft:deepslate_redstone_ore":78,"minecraft:gray_wool":1,"minecraft:melon_seeds":72,"minecraft:diamond_pickaxe":2,"minecraft:coal":49},"minecraft:mined":{"minecraft:attached_pumpkin_stem":5,"minecraft:tuff":121,"minecraft:attached_melon_stem":5,"minecraft:deepslate_diamond_ore":14,"minecraft:grass_block":467,"minecraft:nether_wart":20,"minecraft:magma_block":2,"minecraft:carrots":99,"minecraft:fire":5,"minecraft:pumpkin":12,"minecraft:deepslate_lapis_ore":6,"minecraft:potatoes":82,"minecraft:deepslate_iron_ore":4,"minecraft:deepslate_redstone_ore":78,"minecraft:melon_stem":17,"minecraft:torch":2,"minecraft:poppy":6,"minecraft:melon":15,"minecraft:tall_grass":5,"minecraft:deepslate_gold_ore":20,"minecraft:wall_torch":2,"minecraft:wheat":87,"minecraft:pumpkin_stem":18,"minecraft:grass":13,"minecraft:gravel":18,"minecraft:dirt":340,"minecraft:deepslate":1089},"minecraft:killed":{"minecraft:mule":1,"minecraft:horse":1,"minecraft:skeleton":2,"minecraft:chicken":1,"minecraft:piglin":3,"minecraft:frog":1,"minecraft:hoglin":1,"minecraft:creeper":1,"minecraft:stray":1},"minecraft:custom":{"minecraft:interact_with_smithing_table":2,"minecraft:mob_kills":13,"minecraft:interact_with_anvil":8,"minecraft:interact_with_crafting_table":4,"minecraft:bell_ring":42,"minecraft:leave_game":11,"minecraft:time_since_death":5340,"minecraft:climb_one_cm":9850,"minecraft:sprint_one_cm":536004,"minecraft:walk_one_cm":546136,"minecraft:damage_blocked_by_shield":105,"minecraft:drop":145,"minecraft:talked_to_villager":41,"minecraft:play_time":425536,"minecraft:deaths":4,"minecraft:sneak_time":5433,"minecraft:walk_under_water_one_cm":25547,"minecraft:boat_one_cm":60382,"minecraft:jump":1454,"minecraft:interact_with_blast_furnace":3,"minecraft:walk_on_water_one_cm":40787,"minecraft:total_world_time":425536,"minecraft:interact_with_furnace":10,"minecraft:sleep_in_bed":5,"minecraft:time_since_rest":5113,"minecraft:damage_taken":2795,"minecraft:damage_dealt":2539,"minecraft:swim_one_cm":2963,"minecraft:fly_one_cm":1235739,"minecraft:player_kills":1,"minecraft:open_chest":210,"minecraft:crouch_one_cm":6804,"tombstone:undead_killed":3,"minecraft:interact_with_smoker":7,"minecraft:fall_one_cm":13024,"minecraft:horse_one_cm":7565},"minecraft:used":{"minecraft:cherry_boat":1,"minecraft:oak_fence":1,"minecraft:trident":5,"minecraft:netherite_sword":23,"minecraft:iron_shovel":477,"minecraft:flint_and_steel":3,"minecraft:shield":1,"minecraft:nether_wart":20,"minecraft:iron_sword":2,"minecraft:stone":37,"minecraft:zombie_spawn_egg":1,"minecraft:debug_stick":1,"minecraft:torch":6,"minecraft:dirt":534,"minecraft:anvil":2,"minecraft:stray_spawn_egg":2,"minecraft:carrot":99,"minecraft:grass_block":5,"minecraft:melon_seeds":15,"minecraft:stone_bricks":1,"minecraft:bedrock":10,"minecraft:bamboo_chest_raft":1,"tombstone:gift":2,"minecraft:egg":1,"minecraft:potato":91,"minecraft:cooked_beef":11,"minecraft:orange_terracotta":1,"minecraft:wheat_seeds":80,"minecraft:water_bucket":12,"minecraft:baked_potato":15,"minecraft:structure_void":10,"minecraft:leather_boots":1,"minecraft:deepslate_bricks":3,"minecraft:sand":1,"minecraft:tnt":1,"minecraft:deepslate_redstone_ore":39,"minecraft:crossbow":1,"minecraft:mule_spawn_egg":1,"minecraft:pumpkin_seeds":34,"minecraft:diamond_pickaxe":1352,"minecraft:firework_rocket":63,"minecraft:diamond_shovel":342,"minecraft:command_block":1,"minecraft:barrier":88,"minecraft:netherite_axe":3,"tombstone:grave_key":1,"minecraft:deepslate":23,"minecraft:golden_helmet":1,"minecraft:stone_axe":91,"minecraft:diamond_sword":18,"minecraft:cooked_porkchop":3,"minecraft:poisonous_potato":1,"minecraft:bucket":11,"minecraft:black_candle":1,"minecraft:oak_boat":2,"minecraft:experience_bottle":19,"minecraft:chainmail_leggings":1},"minecraft:dropped":{"minecraft:water_bucket":1,"minecraft:golden_boots":1,"minecraft:wheat_seeds":142,"minecraft:deepslate_redstone_ore":39,"minecraft:deepslate_iron_ore":4,"minecraft:tnt":18,"minecraft:mule_spawn_egg":1,"minecraft:cooked_porkchop":27,"minecraft:deepslate_diamond_ore":14,"minecraft:poisonous_potato":1,"minecraft:cobblestone":34,"tombstone:scroll_of_mercy":1,"minecraft:coal":306,"minecraft:stick":51,"minecraft:dirt":431,"tombstone:bag_of_seeds":1,"minecraft:deepslate_gold_ore":19,"minecraft:torch":19,"minecraft:melon_slice":71,"minecraft:pumpkin":24,"minecraft:iron_pickaxe":2,"minecraft:iron_shovel":1,"minecraft:bone":1,"minecraft:redstone":305,"minecraft:gravel":2,"minecraft:sugar_cane":55,"minecraft:nether_wart":38,"minecraft:cobbled_deepslate":65,"minecraft:deepslate":1032,"minecraft:tuff":107,"minecraft:wheat":87,"minecraft:iron_hoe":2,"minecraft:deepslate_lapis_ore":6,"minecraft:carrot":59,"minecraft:pumpkin_seeds":9,"minecraft:deepslate_bricks":31,"minecraft:potato":18,"minecraft:hay_block":1,"minecraft:gunpowder":23,"minecraft:dune_armor_trim_smithing_template":4,"minecraft:diamond_pickaxe":2,"minecraft:melon_seeds":38,"minecraft:spider_eye":1,"minecraft:sandstone":48,"sophisticatedbackpacks:copper_backpack":5,"minecraft:arrow":2,"tombstone:christmas_hat":2,"minecraft:magma_block":1},"minecraft:killed_by":{"minecraft:player":2,"minecraft:skeleton":2}},"DataVersion":3465}