{"stats":{"minecraft:crafted":{"minecraft:oak_planks":60,"vanillaplustools:iron_shovel":1,"minecraft:diamond_shovel":6,"minecraft:deepslate_brick_stairs":72,"minecraft:polished_deepslate":360,"minecraft:oak_button":1,"minecraft:wheat":117,"minecraft:emerald":7,"minecraft:diamond_axe":1,"minecraft:baked_potato":31,"minecraft:iron_sword":3,"minecraft:air":0,"minecraft:tnt":20,"minecraft:diamond_pickaxe":3,"minecraft:stick":196,"minecraft:iron_shovel":9,"minecraft:redstone_torch":5,"minecraft:torch":200,"minecraft:deepslate_bricks":360},"minecraft:used":{"minecraft:iron_shovel":90,"minecraft:iron_sword":14,"minecraft:torch":88,"minecraft:dirt":809,"vanillaplustools:iron_shovel":257,"minecraft:stone_bricks":152,"minecraft:beef":1,"tombstone:gift":4,"minecraft:potato":15,"minecraft:cobbled_deepslate":1,"minecraft:stone_pickaxe":134,"minecraft:baked_potato":48,"minecraft:oak_planks":60,"minecraft:diamond_axe":66,"minecraft:deepslate_bricks":900,"minecraft:tnt":22,"minecraft:deepslate_brick_stairs":234,"minecraft:redstone_torch":6,"minecraft:diamond_pickaxe":2624,"minecraft:diamond_shovel":2311,"minecraft:melon_slice":42,"minecraft:diamond_sword":86,"minecraft:cobblestone":189,"vanillaplustools:iron_hammer":508},"minecraft:killed_by":{"minecraft:player":6,"minecraft:creeper":2,"minecraft:enderman":1,"minecraft:skeleton":3},"minecraft:broken":{"minecraft:iron_shovel":1,"minecraft:diamond_helmet":1,"vanillaplustools:iron_hammer":2,"minecraft:stone_pickaxe":1,"minecraft:diamond_boots":1,"vanillaplustools:iron_shovel":1,"minecraft:diamond_shovel":1,"minecraft:diamond_pickaxe":1},"minecraft:mined":{"minecraft:farmland":31,"minecraft:grass_block":1206,"minecraft:deepslate_bricks":302,"minecraft:iron_ore":10,"minecraft:cobbled_deepslate":1,"minecraft:fire":1,"minecraft:potatoes":47,"minecraft:dirt_path":3,"minecraft:deepslate_brick_stairs":140,"minecraft:stone":5428,"minecraft:torch":10,"minecraft:emerald_ore":1,"minecraft:poppy":5,"minecraft:tall_grass":4,"minecraft:cobblestone":36,"minecraft:lapis_ore":1,"minecraft:oak_planks":60,"minecraft:wall_torch":4,"minecraft:seagrass":1,"minecraft:redstone_torch":1,"minecraft:wheat":16,"minecraft:tnt":2,"minecraft:grass":47,"minecraft:coal_ore":84,"minecraft:dirt":2665,"minecraft:dripstone_block":3,"minecraft:gravel":82,"minecraft:sand":83,"minecraft:stone_bricks":141,"minecraft:oak_leaves":1,"minecraft:deepslate":1},"minecraft:custom":{"minecraft:mob_kills":22,"minecraft:animals_bred":3,"minecraft:interact_with_crafting_table":24,"minecraft:leave_game":6,"minecraft:time_since_death":5730,"minecraft:sprint_one_cm":569563,"minecraft:walk_one_cm":837672,"minecraft:drop":80,"minecraft:talked_to_villager":1,"minecraft:play_time":384730,"minecraft:deaths":13,"minecraft:sneak_time":28968,"minecraft:walk_under_water_one_cm":1024,"tombstone:tomb_raiding":1,"minecraft:jump":5394,"minecraft:interact_with_blast_furnace":6,"minecraft:walk_on_water_one_cm":34523,"minecraft:total_world_time":384730,"minecraft:interact_with_furnace":17,"minecraft:traded_with_villager":7,"minecraft:sleep_in_bed":7,"minecraft:time_since_rest":5446,"minecraft:damage_taken":6371,"minecraft:damage_dealt":4766,"minecraft:swim_one_cm":1940,"minecraft:fly_one_cm":864206,"minecraft:player_kills":3,"minecraft:open_chest":147,"minecraft:crouch_one_cm":61902,"tombstone:undead_killed":14,"minecraft:interact_with_smoker":12,"minecraft:fall_one_cm":111332},"minecraft:picked_up":{"minecraft:wheat":36,"minecraft:diamond_sword":3,"minecraft:enchanted_book":2,"minecraft:polished_deepslate":28,"minecraft:string":2,"minecraft:diamond_leggings":2,"minecraft:cobbled_deepslate":70,"minecraft:redstone_torch":1,"minecraft:poppy":43,"minecraft:egg":2,"minecraft:stick":6,"minecraft:raw_iron":6,"minecraft:torch":11,"sophisticatedbackpacks:backpack":4,"tombstone:grave_dust":2,"minecraft:carrot":1,"minecraft:tnt":2,"minecraft:arrow":4,"minecraft:rotten_flesh":16,"minecraft:deepslate_bricks":401,"minecraft:hay_block":13,"sophisticatedbackpacks:copper_backpack":5,"tombstone:essence_of_undeath":1,"minecraft:deepslate_brick_stairs":294,"minecraft:mutton":2,"minecraft:cobblestone":1870,"minecraft:white_wool":1,"minecraft:potato":139,"minecraft:gunpowder":4,"minecraft:dirt":2361,"minecraft:lapis_lazuli":5,"minecraft:bone":3,"minecraft:stone_bricks":281,"minecraft:bow":1,"minecraft:wheat_seeds":86,"minecraft:stone_pickaxe":1,"minecraft:iron_ingot":1,"minecraft:diamond_helmet":1,"minecraft:oak_planks":152,"minecraft:iron_sword":3,"minecraft:dripstone_block":3,"minecraft:gravel":14,"minecraft:sand":82,"sophisticatedbackpacks:iron_backpack":5,"minecraft:bundle":1,"minecraft:diamond_shovel":7,"minecraft:crossbow":1,"minecraft:diamond_axe":2,"minecraft:emerald":4,"minecraft:oak_button":3,"minecraft:baked_potato":23,"tombstone:magic_scroll":1,"minecraft:oak_sapling":1,"minecraft:netherrack":177,"minecraft:coal":183,"minecraft:diamond_pickaxe":2},"minecraft:dropped":{"sophisticatedbackpacks:iron_backpack":1,"minecraft:enchanted_book":1,"minecraft:iron_ingot":94,"minecraft:iron_sword":2,"minecraft:wheat_seeds":12,"minecraft:lapis_lazuli":5,"minecraft:baked_potato":36,"minecraft:dripstone_block":3,"minecraft:cooked_porkchop":13,"minecraft:crossbow":1,"minecraft:cobblestone":268,"minecraft:dirt":518,"minecraft:torch":5,"minecraft:melon_slice":6,"minecraft:diamond_helmet":2,"tombstone:grave_dust":2,"minecraft:iron_axe":1,"minecraft:sand":1,"vanillaplustools:iron_hammer":1,"minecraft:white_wool":1,"minecraft:bone":1,"minecraft:golden_chestplate":1,"minecraft:rotten_flesh":5,"minecraft:diamond_shovel":4,"minecraft:carrot":1,"minecraft:filled_map":1,"minecraft:diamond_sword":1,"minecraft:poppy":26,"minecraft:potato":65,"minecraft:oak_button":1,"minecraft:gunpowder":2,"minecraft:bundle":1,"minecraft:diamond_pickaxe":1,"minecraft:oak_boat":1,"minecraft:oak_sapling":1,"sophisticatedbackpacks:copper_backpack":3,"minecraft:arrow":12,"minecraft:stone_pickaxe":1,"minecraft:netherrack":118},"minecraft:killed":{"minecraft:spider":4,"minecraft:skeleton":3,"minecraft:zombie_villager":1,"minecraft:creeper":1,"minecraft:sheep":1,"minecraft:zombie":10,"minecraft:enderman":1}},"DataVersion":3465}